xValue,yValue
0,59.61791790289419
1,58.640917295847494
2,58.93850797032397
3,59.08407063240534
4,59.66472129611735
5,60.28738445606777
6,60.89530339730315
7,61.86396995708236
8,62.28974656592404
9,61.856986944451776
